Date,high,low,close
1387/9/23,775,775,775
1387/9/24,761,760,774
1387/9/25,797,769,773
1387/9/30,769,761,772
1387/10/7,761,760,772
1387/10/14,760,760,771
1387/10/21,760,752,769
1387/10/23,761,752,768
1387/10/25,762,762,768
1387/10/28,762,761,768
1387/10/29,791,791,769
1387/10/30,792,790,784
1387/11/1,807,761,786
1387/11/5,805,805,786
1387/11/7,764,763,785
1387/11/8,762,762,785
1387/11/12,762,762,785
1387/11/21,762,762,777
1387/11/23,754,754,769
1387/11/29,792,746,767
1387/12/5,0,0,767
1388/1/18,640,600,629
1388/1/19,629,613,629
1388/1/22,647,647,630
1388/1/23,648,648,630
1388/1/25,648,648,631
1388/1/26,649,649,632
1388/1/30,650,650,633
1388/1/31,651,651,642
1388/2/2,661,661,643
1388/2/5,662,655,647
1388/2/6,666,666,649
1388/2/7,668,660,656
1388/2/9,675,674,664
1388/2/12,683,683,665
1388/2/15,684,647,666
1388/2/19,685,680,672
1388/2/20,692,692,672
1388/2/21,692,692,674
1388/2/23,694,694,678
1388/2/26,698,698,678
1388/2/28,661,658,677
1388/2/29,675,658,677
1388/2/30,659,657,676
1388/3/2,696,675,679
1388/3/3,699,699,682
1388/3/25,650,650,650
1388/3/27,651,651,651
1388/3/30,670,653,652
1388/3/31,652,650,652
1388/4/1,654,654,652
1388/4/2,671,650,653
1388/4/3,650,650,653
1388/4/6,653,635,640
1388/4/7,645,642,641
1388/4/8,643,630,641
1388/4/13,660,643,643
1388/4/14,660,650,645
1388/4/16,660,660,645
1388/4/21,664,659,654
1388/4/28,700,700,700
1388/4/30,679,679,699
1388/4/31,679,679,698
1388/5/11,678,678,697
1388/5/24,677,677,696
1388/5/27,676,676,689
1388/6/8,669,669,689
1388/6/11,669,669,687
1388/7/7,667,667,667
1388/7/11,647,647,666
1388/7/12,650,647,647
1388/7/13,664,631,647
1388/7/14,665,628,656
1388/7/15,657,643,654
1388/7/18,673,656,659
1388/7/19,678,678,671
1388/7/20,691,690,691
1388/7/21,711,711,711
1388/7/25,732,732,731
1388/7/26,752,752,737
1388/7/27,715,715,736
1388/7/28,730,714,735
1388/7/29,714,713,713
1388/8/2,734,715,717
1388/8/3,738,718,718
1388/8/4,739,714,719
1388/8/5,719,716,719
1388/8/6,720,714,719
1388/8/10,720,698,716
1388/8/11,737,737,717
1388/8/12,717,717,717
1388/8/13,716,696,707
1388/8/16,710,690,706
1388/8/17,682,682,697
1388/8/18,697,673,675
1388/8/19,671,652,671
1388/8/20,694,670,674
1388/8/23,697,697,696
1388/8/24,720,690,700
1388/8/25,720,700,704
1388/8/26,720,703,706
1388/8/27,715,690,705
1388/8/30,685,681,702
1388/9/1,702,678,699
1388/9/2,723,681,696
1388/9/3,720,717,697
1388/9/4,718,676,696
1388/9/8,673,672,688
1388/9/9,712,712,688
1388/9/10,709,664,686
1388/9/11,707,688,695
1388/9/16,715,715,695
1388/9/17,715,675,695
1388/9/21,685,671,673
1388/9/23,661,651,672
1388/9/24,660,649,671
1388/9/25,671,648,671
1388/9/28,671,648,665
1388/9/29,643,642,664
1388/9/30,648,647,654
1388/10/1,645,640,653
1388/10/2,671,639,654
1388/10/8,634,634,654
1388/10/9,636,632,651
1388/10/13,650,634,649
1388/10/16,650,649,649
1388/10/20,628,627,647
1388/10/21,628,627,644
1388/10/22,666,666,645
1388/10/26,667,667,653
1388/10/27,675,675,656
1388/10/30,642,641,655
1388/11/3,641,633,643
1388/11/4,634,634,643
1388/11/5,634,634,643
1388/11/6,665,661,644
1388/11/10,666,650,646
1388/11/11,631,624,644
1388/11/12,666,663,645
1388/11/13,667,667,645
1388/11/14,667,623,654
1388/11/18,676,676,655
1388/11/21,677,650,654
1388/11/27,641,641,651
1388/11/28,652,652,651
1388/12/3,658,641,642
1388/12/4,664,643,642
1388/12/8,650,650,642
1388/12/17,664,664,642
1388/12/19,664,664,642
1388/12/25,664,664,648
1388/12/26,670,670,656
1389/1/8,678,678,656
1389/1/14,678,678,656
1389/1/15,678,678,656
1389/1/17,678,678,659
1389/1/18,682,682,661
1389/1/21,684,684,662
1389/1/22,685,685,663
1389/1/23,686,686,663
1389/1/24,686,686,664
1389/1/25,687,687,667
1389/1/28,690,690,680
1389/1/29,703,703,703
1389/1/30,727,727,727
1389/1/31,752,752,752
1389/2/1,778,778,778
1389/2/4,805,805,787
1389/2/5,814,814,812
1389/2/6,840,840,819
1389/2/7,847,847,821
1389/2/8,849,849,823
1389/2/11,851,851,824
1389/2/12,852,852,831
1389/2/13,860,860,839
1389/2/14,868,868,840
1389/2/15,869,840,857
1389/2/18,846,828,848
1389/2/19,837,819,846
1389/2/20,817,817,817
1389/2/21,845,813,827
1389/2/22,820,818,825
1389/2/25,825,810,825
1389/2/26,838,813,824
1389/2/28,800,800,823
1389/2/29,851,806,838
1389/3/1,867,867,841
1389/3/2,870,870,842
1389/3/3,871,842,866
1389/3/4,896,896,872
1389/3/5,902,900,877
1389/3/8,907,907,880
1389/3/9,910,900,904
1389/3/10,935,911,934
1389/3/11,955,910,938
1389/3/12,921,906,924
1389/3/16,915,915,921
1389/3/17,900,900,910
1389/3/18,900,879,899
1389/3/19,871,868,886
1389/3/22,855,855,886
1389/3/23,868,855,875
1389/3/24,868,867,875
1389/3/25,868,846,867
1389/3/26,868,838,861
1389/4/27,1000,960,985
1389/4/28,1001,948,972
1389/4/29,935,934,970
1389/5/3,980,932,938
1389/5/4,975,975,975
1389/5/6,1014,997,1010
1389/5/9,1050,1001,1018
1389/5/10,1028,1000,1011
1389/5/11,1028,1003,1007
1389/5/12,1000,973,995
1389/5/13,989,956,957
1389/5/16,980,950,966
1389/5/17,999,961,966
1389/5/18,990,969,968
1389/5/19,999,930,965
1389/5/20,960,927,932
1389/5/23,912,909,920
1389/5/24,930,906,914
1389/5/25,950,946,926
1389/5/26,963,963,929
1389/5/27,966,966,943
1389/5/30,980,961,966
1389/5/31,1002,980,979
1389/6/1,990,940,965
1389/6/2,940,940,964
1389/6/3,990,970,970
1389/6/6,988,932,975
1389/6/7,997,965,973
1389/6/8,1011,980,1002
1389/6/9,1042,1000,1034
1389/6/13,1075,1038,1070
1389/6/14,1085,1040,1049
1389/6/15,1084,1040,1053
1389/6/16,1025,1011,1017
1389/6/17,1049,981,1019
1389/6/21,1059,986,1033
1389/6/22,1074,1074,1041
1389/6/23,1082,1082,1073
1389/6/24,1115,1031,1083
1389/6/27,1100,1060,1088
1389/6/28,1087,1087,1088
1389/6/29,1045,1045,1087
1389/6/30,1090,1044,1067
1389/7/3,1087,1025,1063
1389/7/4,1050,1021,1041
1389/7/5,1021,1021,1039
1389/7/6,1000,1000,1039
1389/7/7,1030,999,1031
1389/7/10,996,996,1031
1389/7/11,1021,1021,1031
1389/7/13,1001,994,1023
1389/7/14,1000,990,1020
1389/7/17,1020,1019,1020
1389/7/18,1020,985,1011
1389/7/19,1019,1011,1011
1389/7/20,986,972,1007
1389/7/21,987,967,971
1389/7/24,968,933,967
1389/7/25,951,933,966
1389/7/26,936,936,966
1389/7/27,935,935,965
1389/7/28,1003,998,993
1389/8/1,1032,1030,999
1389/8/4,1038,1037,1016
1389/8/5,1056,1035,1025
1389/8/8,1066,1060,1027
1389/8/9,1067,1040,1029
1389/8/10,1030,1030,1029
1389/8/11,988,988,1027
1389/8/12,991,987,1019
1389/8/30,1090,1026,1073
1389/9/1,1115,1031,1099
1389/9/2,1056,1056,1090
1389/9/7,1047,1047,1090
1389/9/8,1047,1047,1090
1389/9/16,1047,1047,1047
1389/9/20,1006,1006,1022
1389/9/21,1005,982,1012
1389/9/22,1002,973,1006
1389/9/27,971,966,999
1389/9/28,966,960,994
1389/10/1,955,955,992
1389/10/5,953,953,990
1389/10/6,999,951,952
1389/10/7,953,915,950
1389/10/8,941,940,949
1389/10/11,940,912,941
1389/10/12,978,974,955
1389/10/13,960,960,955
1389/10/14,950,925,951
1389/10/15,960,926,951
1389/10/18,931,931,948
1389/10/19,960,960,949
1389/10/20,960,960,949
1389/10/21,960,959,951
1389/10/22,959,935,952
1389/10/25,952,920,948
1389/11/3,958,920,939
1389/11/4,954,940,944
1389/11/6,980,948,957
1389/11/9,995,990,993
1389/11/10,1020,995,999
1389/11/11,1030,1003,1015
1389/11/12,1050,1020,1018
1389/11/16,1025,1002,1017
1389/11/17,1002,977,1002
1389/11/18,1000,962,969
1389/11/19,998,931,966
1389/11/20,1000,994,972
1389/11/23,950,950,972
1389/11/24,950,936,966
1389/11/25,967,950,966
1389/11/26,966,950,963
1389/11/27,950,947,959
1389/11/30,950,940,958
1389/12/1,950,950,957
1389/12/3,0,0,957
1389/12/4,917,886,895
1389/12/7,900,870,889
1389/12/8,900,860,875
1389/12/9,889,884,877
1389/12/10,890,889,880
1389/12/11,915,899,884
1389/12/15,860,850,884
1389/12/16,919,919,884
1389/12/18,918,918,884
1389/12/21,863,850,877
1389/12/22,850,850,877
1389/12/24,907,866,883
1389/12/25,907,900,885
1389/12/28,907,850,886
1390/1/7,919,890,893
1390/1/8,919,919,893
1390/1/10,900,900,894
1390/1/14,929,923,912
1390/1/15,948,948,919
1390/1/16,955,950,935
1390/1/17,971,950,943
1390/1/20,979,942,944
1390/1/21,978,944,951
1390/1/22,969,913,947
1390/1/23,940,915,936
1390/1/24,926,899,907
1390/1/27,920,902,907
1390/1/28,924,901,908
1390/1/29,930,900,908
1390/1/30,913,908,908
1390/1/31,928,908,910
1390/2/3,939,900,907
1390/2/4,943,915,919
1390/2/5,953,930,920
1390/2/6,884,884,918
1390/2/7,919,891,918
1390/2/10,906,882,911
1390/2/11,900,875,896
1390/2/12,894,894,896
1390/2/13,900,899,896
1390/2/14,899,861,865
1390/2/18,898,892,871
1390/2/20,899,855,869
1390/2/21,900,850,860
1390/2/24,887,887,860
1390/2/25,860,826,839
1390/2/26,840,840,839
1390/2/27,850,806,812
1390/2/28,839,815,813
1390/2/31,845,830,816
1390/3/1,848,848,824
1390/3/2,0,0,824
1390/3/23,856,820,828
1390/3/24,860,830,829
1390/3/25,860,829,829
1390/3/28,824,800,829
1390/3/30,821,800,824
1390/3/31,843,843,824
1390/4/1,823,802,823
1390/4/5,792,791,822
1390/4/6,792,791,812
1390/4/7,818,818,813
1390/4/8,820,800,810
1390/4/11,815,780,806
1390/4/12,816,776,805
1390/4/13,800,798,805
1390/4/14,815,800,805
1390/4/15,837,785,810
1390/4/18,842,838,814
1390/4/19,846,845,816
1390/4/20,810,806,815
1390/4/21,845,843,816
1390/4/22,839,786,816
1390/5/1,723,723,698
1390/5/2,725,725,698
1390/5/4,725,725,710
1390/5/5,715,710,710
1390/5/11,738,738,711
1390/5/12,739,739,725
1390/5/15,754,754,742
1390/5/16,770,740,745
1390/5/17,740,728,744
1390/5/18,722,722,744
1390/5/19,720,720,743
1390/5/22,721,720,741
1390/5/23,739,712,740
1390/5/24,732,723,739
1390/5/25,730,716,736
1390/5/26,715,713,735
1390/5/29,715,712,731
1390/5/30,715,702,705
1390/6/1,705,698,701
1390/6/2,700,673,691
1390/6/5,700,682,692
1390/6/6,685,677,691
1390/6/7,705,704,692
1390/6/8,719,717,695
1390/6/12,716,700,701
1390/6/13,720,681,702
1390/6/14,729,712,708
1390/6/15,736,721,718
1390/6/16,746,690,701
1390/6/19,729,695,705
1390/6/20,733,730,722
1390/6/21,750,745,737
1390/6/22,762,737,738
1390/6/23,760,757,745
1390/6/26,761,740,745
1390/6/27,760,720,742
1390/6/28,720,720,740
1390/6/29,714,714,740
1390/6/30,721,712,734
1390/7/4,706,705,726
1390/7/5,706,706,715
1390/7/6,707,707,714
1390/7/9,707,686,707
1390/7/10,735,707,722
1390/7/11,750,750,750
1390/7/12,780,761,778
1390/7/13,775,748,750
1390/7/16,774,762,759
1390/7/17,769,752,759
1390/7/18,752,734,746
1390/7/19,734,730,742
1390/7/20,771,750,768
1390/7/23,780,750,766
1390/7/24,775,736,762
1390/7/25,750,750,756
1390/7/26,760,745,755
1390/7/27,772,771,756
1390/7/30,750,745,756
1390/8/2,745,733,754
1390/8/3,772,769,755
1390/8/4,767,767,761
1390/8/7,742,742,756
1390/8/8,738,730,746
1390/8/9,750,726,746
1390/8/11,750,731,743
1390/8/14,743,725,742
1390/8/15,726,726,740
1390/8/18,749,738,740
1390/8/21,760,750,744
1390/8/22,750,730,744
1390/8/23,740,737,742
1390/8/25,762,749,751
1390/8/28,765,753,756
1390/8/29,769,763,758
1390/8/30,755,750,758
1390/9/2,728,728,758
1390/9/5,739,728,745
1390/9/6,726,716,741
1390/9/9,712,712,740
1390/9/12,715,711,721
1390/9/13,739,738,723
1390/9/16,739,695,717
1390/9/19,710,710,717
1390/9/20,710,707,716
1390/9/21,698,691,711
1390/9/22,731,712,712
1390/9/23,724,684,709
1390/9/26,699,690,705
1390/9/27,732,729,712
1390/9/28,734,710,713
1390/9/29,725,714,715
1390/9/30,722,690,715
1390/10/3,694,694,713
1390/10/4,699,694,711
1390/10/5,696,696,711
1390/10/6,697,688,702
1390/10/11,686,678,693
1390/10/12,700,690,693
1390/10/13,675,666,680
1390/10/14,703,691,682
1390/10/17,709,707,694
1390/10/18,719,719,695
1390/10/19,722,700,704
1390/10/21,732,721,714
1390/10/25,742,740,720
1390/10/27,748,748,721
1390/10/28,740,730,721
1390/11/1,747,740,723
1390/11/3,751,736,723
1390/11/5,731,730,725
1390/11/8,753,720,727
1390/11/9,732,730,727
1390/11/10,725,698,711
1390/11/15,720,684,707
1390/11/18,735,733,724
1390/11/19,747,736,727
1390/11/23,754,703,726
1390/11/24,734,700,726
1390/11/25,753,720,729
1390/11/26,740,701,730
1390/11/29,744,739,735
1390/11/30,764,749,736
1390/12/1,765,760,751
1390/12/2,781,781,764
1390/12/3,794,782,786
1390/12/6,817,785,790
1390/12/7,821,800,802
1390/12/8,834,830,833
1390/12/9,866,835,861
1390/12/10,895,894,895
1390/12/13,930,921,927
1390/12/14,919,890,917
1390/12/15,881,881,912
1390/12/16,876,876,912
1390/12/17,876,876,912
1390/12/20,876,876,912
1390/12/23,876,876,912
1390/12/24,876,876,911
1391/1/5,875,875,895
1391/1/6,860,860,880
1391/1/7,845,845,849
1391/1/8,840,816,820
1391/1/9,852,816,822
1391/1/14,854,852,854
1391/1/15,888,888,888
1391/1/16,923,888,918
1391/1/19,910,882,883
1391/1/20,856,848,850
1391/1/21,884,821,875
1391/1/22,879,840,849
1391/1/23,882,850,870
1391/1/26,880,836,844
1391/1/27,870,811,833
1391/1/28,850,800,809
1391/1/29,841,815,832
1391/1/30,855,812,828
1391/2/2,830,816,824
1391/2/3,835,815,821
1391/2/4,840,820,822
1391/2/5,837,808,822
1391/2/9,835,813,822
1391/2/10,811,803,817
1391/2/11,832,813,817
1391/2/12,827,800,812
1391/2/13,825,820,821
1391/2/16,825,799,802
1391/2/17,834,801,825
1391/2/18,858,836,855
1391/2/19,872,821,842
1391/2/20,838,809,835
1391/2/23,841,802,811
1391/2/24,843,839,842
1391/2/25,870,837,847
1391/2/26,858,836,847
1391/2/27,856,830,838
1391/2/30,848,822,837
1391/2/31,835,806,815
1391/3/1,847,830,845
1391/3/2,857,831,844
1391/3/3,877,847,867
1391/3/6,901,852,897
1391/3/7,932,889,916
1391/3/8,925,900,912
1391/3/9,920,893,899
1391/3/10,900,882,897
1391/3/13,908,868,896
1391/3/16,912,870,893
1391/3/17,901,867,897
1391/3/20,870,864,869
1391/3/21,878,835,866
1391/3/22,870,861,866
1391/3/23,889,861,867
1391/3/24,901,880,894
1391/3/27,929,901,928
1391/3/28,929,891,912
1391/3/30,890,878,885
1391/3/31,893,882,890
1391/4/3,883,856,881
1391/4/4,879,846,862
1391/4/6,828,828,857
1391/4/7,823,823,845
1391/4/10,870,828,844
1391/4/12,877,870,870
1391/4/13,896,840,872
1391/4/14,841,839,871
1391/4/17,840,837,857
1391/4/18,825,823,823
1391/4/19,820,815,820
1391/4/20,815,788,789
1391/4/26,712,712,712
1391/4/27,687,684,684
1391/4/28,711,684,701
1391/4/31,711,702,702
1391/5/1,729,729,705
1391/5/2,718,700,705
1391/5/3,701,677,686
1391/5/4,711,680,686
1391/5/7,700,700,687
1391/5/8,707,660,684
1391/5/9,680,680,684
1391/5/10,663,663,683
1391/5/11,660,660,683
1391/5/14,660,656,673
1391/5/15,665,647,673
1391/5/17,652,649,654
1391/5/18,655,630,632
1391/5/21,657,657,636
1391/5/22,661,640,637
1391/5/23,631,630,637
1391/5/24,662,616,655
1391/5/25,681,681,668
1391/5/31,685,681,670
1391/6/1,681,680,671
1391/6/5,650,646,670
1391/6/6,648,647,666
1391/6/12,655,648,655
1391/6/13,672,655,655
1391/6/14,670,665,662
1391/6/15,670,663,664
1391/6/18,678,655,662
1391/6/19,655,650,661
1391/6/20,683,669,675
1391/6/21,667,650,673
1391/6/25,665,660,672
1391/6/26,667,667,672
1391/6/27,667,661,671
1391/6/28,666,665,670
1391/6/29,690,665,671
1391/7/1,697,689,685
1391/7/2,712,700,693
1391/7/3,715,709,695
1391/7/4,722,709,718
1391/7/5,746,746,746
1391/7/8,775,764,772
1391/7/9,768,742,745
1391/7/10,735,716,718
1391/7/11,739,690,710
1391/7/12,737,682,693
1391/7/15,700,671,687
1391/7/16,714,714,697
1391/7/17,724,724,724
1391/7/18,752,728,747
1391/7/19,749,730,746
1391/7/22,755,717,728
1391/7/23,757,757,757
1391/7/24,787,787,787
1391/7/25,818,817,818
1391/7/26,850,850,850
1391/7/29,884,884,851
1391/7/30,885,837,874
1391/8/1,870,840,844
1391/8/2,811,811,844
1391/8/3,811,811,811
1391/8/6,779,779,803
1391/8/7,771,771,803
1391/8/8,771,771,800
1391/8/14,820,768,774
1391/8/15,804,789,796
1391/8/16,827,827,826
1391/8/17,859,805,832
1391/8/20,843,799,812
1391/8/21,844,820,841
1391/8/22,874,855,870
1391/8/23,904,904,904
1391/8/24,940,870,936
1391/8/27,973,920,964
1391/8/28,1002,1002,1002
1391/8/29,1042,1042,1042
1391/8/30,1083,1042,1078
1391/9/1,1121,1078,1109
1391/9/6,1153,1153,1117
1391/9/7,1161,1161,1150
1391/9/8,1196,1196,1183
1391/9/11,1230,1230,1216
1391/9/12,1264,1264,1233
1391/9/13,1282,1282,1282
1391/9/14,1333,1315,1332
1391/9/15,1385,1286,1364
1391/9/18,1416,1310,1362
1391/9/19,1308,1308,1321
1391/9/20,1373,1269,1310
1391/9/21,1357,1265,1302
1391/9/22,1320,1260,1277
1391/9/25,1328,1315,1296
1391/9/26,1347,1347,1314
1391/9/27,1366,1366,1365
1391/9/28,1419,1419,1402
1391/9/29,1458,1457,1458
1391/10/2,1500,1400,1438
1391/10/3,1473,1381,1383
1391/10/4,1398,1328,1347
1391/10/5,1294,1294,1340
1391/10/6,1287,1287,1287
1391/10/9,1286,1236,1256
1391/10/10,1285,1241,1271
1391/10/11,1286,1221,1229
1391/10/12,1268,1200,1238
1391/10/13,1287,1267,1273
1391/10/17,1323,1300,1322
1391/10/18,1370,1300,1334
1391/10/19,1360,1281,1296
1391/10/20,1338,1245,1281
1391/10/24,1271,1230,1235
1391/10/25,1240,1186,1190
1391/10/26,1230,1200,1195
1391/10/27,1228,1148,1157
1391/10/30,1111,1111,1119
1391/11/1,1129,1075,1089
1391/11/2,1132,1101,1131
1391/11/3,1176,1090,1127
1391/11/4,1150,1130,1138
1391/11/7,1179,1093,1136
1391/11/8,1158,1091,1129
1391/11/9,1165,1084,1118
1391/11/11,1151,1101,1118
1391/11/14,1150,1075,1094
1391/11/15,1075,1051,1060
1391/11/16,1101,1030,1074
1391/11/17,1111,1032,1052
1391/11/18,1010,1010,1010
1391/11/21,1050,1020,1030
1391/11/23,1071,1000,1050
1391/11/24,1092,1092,1092
1391/11/25,1135,1071,1121
1391/11/28,1133,1077,1079
1391/11/29,1070,1036,1039
1391/11/30,1080,1025,1062
1391/12/1,1104,1104,1095
1391/12/2,1138,1063,1120
1391/12/5,1164,1135,1163
1391/12/6,1209,1146,1198
1391/12/16,1284,1233,1238
1391/12/19,1189,1189,1235
1391/12/20,1186,1186,1186
1391/12/21,1139,1139,1184
1391/12/22,1137,1137,1152
1391/12/23,1107,1106,1106
1391/12/26,1137,1085,1104
1391/12/27,1129,1080,1094
1391/12/28,1119,1070,1087
1392/1/5,1130,1100,1106
1392/1/6,1150,1150,1124
1392/1/7,1168,1168,1158
1392/1/10,1204,1200,1204
1392/1/11,1252,1252,1252
1392/1/14,1302,1210,1301
1392/1/17,1333,1249,1277
1392/1/18,1328,1226,1293
1392/1/19,1344,1344,1339
1392/1/20,1392,1300,1384
1392/1/21,1439,1438,1439
1392/1/24,1496,1441,1482
1392/1/26,1541,1541,1523
1392/1/27,1583,1583,1574
1392/1/28,1636,1636,1635
1392/1/31,1700,1643,1695
1392/2/1,1700,1628,1656
1392/2/2,1660,1590,1607
1392/2/3,1671,1650,1671
1392/2/4,1737,1720,1736
1392/2/7,1805,1667,1734
1392/2/8,1700,1665,1669
1392/2/9,1735,1611,1730
1392/2/10,1750,1661,1687
1392/2/11,1700,1620,1630
1392/2/14,1670,1565,1584
1392/2/15,1621,1521,1565
1392/2/16,1608,1503,1545
1392/2/17,1525,1484,1491
1392/2/18,1550,1438,1525
1392/2/21,1586,1550,1577
1392/2/22,1640,1550,1629
1392/2/23,1637,1564,1565
1392/2/24,1595,1503,1504
1392/2/25,1558,1460,1500
1392/2/28,1445,1440,1457
1392/2/29,1430,1399,1401
1392/2/30,1457,1390,1445
1392/2/31,1499,1444,1471
1392/3/5,1821,1730,1781
1392/3/6,1852,1737,1803
1392/3/7,1799,1732,1759
1392/3/8,1829,1730,1815
1392/3/11,1887,1810,1876
1392/3/12,1951,1951,1917
1392/3/13,1993,1993,1988
1392/3/18,2067,1999,2037
1392/3/19,2118,2021,2101
1392/3/20,2050,2017,2018
1392/3/21,2050,1938,1961
1392/3/22,1999,1885,1926
1392/3/25,2003,1900,1998
1392/3/26,2049,1919,1951
1392/3/27,1984,1880,1914
1392/3/28,1990,1990,1990
1392/3/29,2069,2037,2069
1392/4/1,2151,2100,2149
1392/4/2,2220,2064,2090
1392/4/4,2173,2100,2168
1392/4/5,2254,2170,2239
1392/4/8,2311,2150,2185
1392/4/9,2255,2200,2232
1392/4/10,2250,2161,2193
1392/5/7,2930,2803,2868
1392/5/9,2982,2982,2982
1392/5/12,3101,3101,3101
1392/5/13,3225,3225,3225
1392/5/14,3354,3354,3273
1392/5/15,3403,3200,3368
1392/5/16,3499,3260,3416
1392/5/20,3552,3300,3508
1392/5/21,3648,3640,3614
1392/5/22,3758,3758,3758
1392/5/23,3800,3608,3658
1392/5/26,3608,3512,3516
1392/5/27,3512,3376,3434
1392/5/28,3571,3490,3548
1392/5/29,3649,3407,3445
1392/5/30,3550,3308,3386
1392/6/2,3521,3521,3521
1392/6/3,3661,3661,3640
1392/6/4,3785,3785,3785
1392/6/5,3936,3650,3892
1392/6/6,3898,3737,3765
1392/6/9,3899,3669,3758
1392/6/10,3908,3907,3908
1392/6/12,4064,3930,4062
1392/6/13,4063,3900,3997
1392/6/16,3838,3838,3915
1392/6/17,4071,3759,3922
1392/6/18,3998,3766,3850
1392/6/19,4004,3900,3985
1392/6/20,4143,3870,3964
1392/6/23,4000,3806,3808
1392/6/24,3934,3662,3820
1392/6/25,3843,3670,3721
1392/6/27,3800,3553,3575
1392/6/30,3718,3621,3698
1392/6/31,3845,3760,3839
1392/7/1,3992,3950,3975
1392/7/2,4134,4000,4110
1392/7/3,4190,3946,3996
1392/7/6,4155,4001,4117
1392/7/7,4281,4001,4205
1392/7/8,4250,4038,4179
1392/7/9,4346,4103,4328
1392/7/10,4501,4501,4501
1392/7/13,4681,4551,4674
1392/7/14,4700,4490,4533
1392/7/15,4560,4390,4427
1392/7/16,4604,4400,4571
1392/7/17,4700,4389,4461
1392/7/20,4530,4399,4465
1392/7/21,4495,4287,4309
1392/7/22,4300,4141,4181
1392/7/23,4300,4050,4162
1392/7/27,4328,4200,4323
1392/7/28,4348,4155,4218
1392/7/29,4380,4200,4326
1392/7/30,4480,4250,4371
1392/8/1,4500,4197,4313
1392/8/4,4141,4141,4186
1392/8/5,4019,4019,4124
1392/8/6,3960,3960,4087
1392/8/7,4099,3924,3947
1392/8/8,4104,4104,4104
1392/8/11,4268,3945,4181
1392/8/12,4146,4014,4016
1392/8/13,3950,3856,3872
1392/8/14,3888,3718,3748
1392/8/15,3897,3725,3859
1392/8/18,3970,3859,3896
1392/8/19,3900,3741,3819
1392/8/20,3810,3700,3768
1392/8/21,3918,3701,3900
1392/8/25,4029,3880,3971
1392/8/26,3990,3813,3904
1392/8/27,3850,3748,3760
1392/8/28,3879,3621,3756
1392/8/29,3814,3633,3738
1392/9/2,3887,3800,3863
1392/9/3,3989,3800,3890
1392/9/4,3920,3742,3842
1392/9/5,3850,3689,3754
1392/9/6,3800,3675,3706
1392/9/9,3794,3660,3711
1392/9/10,3810,3660,3730
1392/9/11,3879,3700,3843
1392/9/12,3996,3996,3996
1392/9/13,4155,4113,4155
1392/9/16,4321,4321,4321
1392/9/17,4493,4399,4488
1392/9/18,4600,4309,4453
1392/9/19,4631,4330,4594
1392/9/20,4777,4501,4755
1392/9/23,4850,4565,4696
1392/9/24,4780,4509,4548
1392/9/25,4566,4367,4456
1392/9/26,4634,4441,4598
1392/9/27,4640,4489,4577
1392/11/28,5190,4964,5127
1392/11/29,4922,4922,5122
1392/11/30,4918,4918,5101
1392/12/3,4897,4897,4897
1392/12/4,5092,4830,5017
1392/12/5,5000,4817,4838
1392/12/6,4770,4645,4715
1392/12/7,4527,4527,4697
1392/12/10,4640,4510,4520
1392/12/11,4530,4340,4413
1392/12/12,4237,4237,4409
1392/12/13,4233,4233,4388
1392/12/14,4444,4213,4249
1392/12/17,4398,4080,4145
1392/12/18,4049,3980,3987
1392/12/19,3900,3828,3832
1392/12/20,3679,3679,3726
1392/12/21,3750,3577,3614
1392/12/24,3758,3631,3753
1392/12/25,3903,3800,3875
1392/12/26,4030,3999,4030
1392/12/27,4191,4191,4045
1392/12/28,4206,4206,4063
1393/1/5,4225,4225,4076
1393/1/6,4239,4239,4089
1393/1/9,4252,4252,4141
1393/1/10,4306,4306,4163
1393/1/11,4329,4329,4174
1393/1/16,4340,4340,4203
1393/1/17,4371,4371,4371
1393/1/18,4545,4545,4395
1393/1/19,4570,4570,4421
1393/1/20,4597,4597,4469
1393/1/23,4647,4511,4640
1393/1/24,4639,4455,4486
1393/1/25,4450,4307,4329
1393/1/26,4502,4400,4493
1393/1/27,4672,4672,4672
1393/1/30,4858,4702,4839
1393/1/31,5032,4920,5029
1393/2/1,5140,4828,4924
1393/2/2,5120,4913,5082
1393/2/3,5285,4900,5191
1393/2/6,5398,5398,5316
1393/2/7,5528,5330,5496
1393/2/8,5715,5302,5677
1393/2/9,5800,5450,5559
1393/2/10,5337,5337,5394
1393/2/13,5449,5179,5233
1393/2/14,5300,5030,5088
1393/2/15,5291,5200,5280
1393/2/16,5491,5069,5335
1393/2/17,5245,5122,5136
1393/2/20,5260,4940,5042
1393/2/21,5050,4848,4897
1393/2/22,5089,4800,5016
1393/2/24,5116,4816,4864
1393/2/27,4752,4670,4683
1393/2/28,4870,4800,4855
1393/2/29,5049,4929,5032
1393/2/30,5110,4897,4967
1393/2/31,4998,4803,4855
1393/3/3,4948,4781,4847
1393/3/4,4820,4710,4781
1393/3/5,4937,4711,4793
1393/3/7,4933,4710,4734
1393/3/10,4800,4557,4624
1393/3/11,4545,4440,4448
1393/3/12,4625,4360,4555
1393/3/13,4737,4670,4713
1393/3/17,4890,4621,4777
1393/3/18,4750,4586,4601
1393/3/19,4668,4450,4570
1393/3/20,4570,4452,4520
1393/3/21,4650,4520,4602
1393/3/24,4512,4418,4461
1393/3/25,4390,4283,4287
1393/3/26,4458,4365,4446
1393/3/27,4500,4400,4441
1393/3/28,4618,4440,4595
1393/3/31,4763,4412,4502
1393/4/1,4500,4405,4457
1393/4/2,4509,4300,4399
1393/4/3,4527,4224,4305
1393/4/4,4395,4201,4318
1393/4/7,4250,4146,4199
1393/4/8,4032,4032,4158
1393/4/9,4012,3992,3992
1393/4/10,4151,3910,4050
1393/4/11,4212,4151,4205
1393/4/14,4373,4262,4349
1393/4/15,4480,4176,4278
1393/4/16,4330,4112,4268
1393/4/17,4438,4330,4432
1393/4/23,4279,4108,4175
1393/4/24,4270,4016,4163
1393/4/25,4320,3997,4177
1393/4/29,4344,4060,4310
1393/4/30,4482,4400,4473
1393/4/31,4651,4530,4624
1393/5/1,4808,4655,4790
1393/5/4,4981,4801,4932
1393/5/5,5100,4811,4930
1393/5/6,5127,4998,5108
1393/5/11,5312,5150,5296
1393/5/12,5391,5085,5146
1393/5/13,5289,5000,5119
1393/5/14,5250,4915,5047
1393/5/15,5160,4910,5013
1393/5/18,5100,4850,4930
1393/5/19,4899,4744,4801
1393/5/20,4993,4900,4984
1393/5/21,5133,4851,5016
1393/5/22,5090,4821,4991
1393/5/25,5040,4871,4944
1393/5/26,4959,4832,4914
1393/5/27,5089,4866,4972
1393/5/28,5170,5069,5148
1393/5/29,5260,4980,5118
1393/6/1,5115,4915,4974
1393/6/2,5050,4915,4954
1393/6/3,5079,4860,4910
1393/6/4,5106,4890,5068
1393/6/5,5190,5025,5106
1393/6/8,5110,4933,4993
1393/6/9,5090,4915,4986
1393/6/10,5185,4941,5136
1393/6/11,5341,5341,5341
1393/6/12,5554,5400,5538
1393/6/15,5750,5410,5591
1393/6/16,5550,5368,5405
1393/6/17,5540,5312,5425
1393/6/18,5642,5320,5601
1393/6/19,5818,5500,5668
1393/6/22,5700,5442,5456
1393/6/23,5549,5252,5432
1393/6/24,5600,5400,5533
1393/6/25,5513,5312,5353
1393/6/26,5370,5140,5230
1393/6/29,5300,5150,5214
1393/6/30,5370,5260,5286
1393/6/31,5400,5261,5321
1393/7/1,5430,5300,5378
1393/7/2,5589,5340,5474
1393/7/5,5361,5256,5267
1393/7/6,5396,5208,5280
1393/7/7,5480,5180,5380
1393/7/8,5589,5271,5417
1393/7/9,5370,5201,5234
1393/7/12,5366,5201,5291
1393/7/14,5362,5181,5223
1393/7/15,5300,5030,5119
1393/7/16,5199,5050,5091
1393/7/19,5171,5050,5097
1393/7/20,5250,5055,5178
1393/7/22,5348,5138,5243
1393/7/23,5243,5120,5179
1393/7/26,5156,5088,5103
1393/7/27,5307,5183,5271
1393/7/28,5481,5244,5429
1393/7/29,5357,5212,5222
1393/7/30,5163,5014,5037
1393/8/3,5142,5031,5090
1393/8/4,5130,4950,5025
1393/8/5,5140,4910,4999
1393/8/6,5169,4995,5100
1393/8/7,5140,5000,5066
1393/8/10,5198,5025,5096
1393/8/11,5070,4960,5008
1393/8/14,5050,4980,5015
1393/8/17,5085,4950,4996
1393/8/18,5150,5035,5105
1393/8/19,5309,5180,5294
1393/8/20,5478,5250,5378
1393/8/21,5439,5163,5228
1393/8/24,5176,5019,5051
1393/8/25,5176,5050,5113
1393/8/26,5317,5113,5268
1393/8/27,5478,5320,5469
1393/8/28,5679,5481,5602
1393/9/1,5666,5378,5470
1393/9/2,5688,5501,5656
1393/9/3,5785,5500,5633
1393/9/4,5408,5408,5429
1393/9/5,5550,5212,5334
1393/9/8,5500,5250,5339
1393/9/9,5400,5126,5187
1393/9/10,5365,5130,5322
1393/9/11,5394,5187,5263
1393/9/12,5473,5200,5424
1393/9/15,5640,5600,5638
1393/9/16,5863,5671,5806
1393/9/17,5800,5574,5678
1393/9/18,5787,5451,5507
1393/9/19,5688,5402,5501
1393/9/23,5500,5281,5331
1393/9/24,5468,5118,5124
1393/9/25,5294,5150,5191
1393/9/26,5240,4984,5124
1393/9/29,5299,5081,5234
1393/10/1,5443,5300,5433
1393/10/3,5399,5216,5222
1393/10/6,5290,5023,5090
1393/10/7,5220,5082,5117
1393/10/8,5229,5050,5113
1393/10/9,5182,4909,4975
1393/10/10,5090,4980,4988
1393/10/13,5000,4926,4979
1393/10/14,5111,4980,5034
1393/10/15,5130,4938,5028
1393/10/16,5050,4827,4857
1393/10/17,4899,4665,4809
1393/10/20,4949,4617,4757
1393/10/21,4936,4567,4581
1393/10/22,4764,4763,4646
1393/10/23,4797,4468,4617
1393/10/24,4675,4433,4521
1393/10/27,4597,4370,4453
1393/10/28,4474,4275,4291
1393/10/29,4120,4120,4279
1393/11/25,3981,3783,3886
1393/11/26,4041,3777,4011
1393/11/27,4080,3851,3881
1393/11/28,3930,3726,3754
1393/11/29,3700,3604,3612
1393/12/2,3756,3481,3739
1393/12/3,3827,3630,3668
1393/12/4,3660,3546,3602
1393/12/5,3648,3530,3550
1393/12/6,3550,3410,3515
1393/12/9,3565,3375,3467
1393/12/10,3415,3329,3343
1393/12/11,3433,3300,3367
1393/12/12,3410,3258,3289
1393/12/13,3261,3158,3194
1393/12/16,3321,3321,3294
1393/12/17,3425,3410,3425
1393/12/18,3501,3380,3439
1393/12/19,3339,3302,3305
1393/12/20,3320,3200,3271
1393/12/23,3380,3240,3323
1393/12/24,3339,3191,3259
1393/12/25,3318,3150,3192
1393/12/26,3152,3065,3105
1393/12/27,3229,3149,3208
1394/1/5,3260,3115,3203
1394/1/8,3232,3106,3202
1394/1/9,3330,3209,3314
1394/1/10,3327,3182,3221
1394/1/11,3258,3127,3215
1394/1/15,3343,3343,3249
1394/1/16,3378,3343,3375
1394/1/17,3399,3240,3253
1394/1/18,3280,3137,3192
1394/1/19,3319,3250,3283
1394/1/22,3342,3174,3278
1394/1/23,3280,3147,3161
1394/1/24,3211,3090,3127
1394/1/25,3252,3135,3239
1394/2/15,2386,2204,2338
1394/2/16,2431,2400,2430
1394/2/19,2499,2333,2388
1394/2/20,2370,2293,2339
1394/2/21,2424,2327,2371
1394/2/22,2430,2290,2385
1394/2/23,2438,2350,2412
1394/2/27,2508,2412,2490
1394/2/28,2589,2500,2579
1394/2/29,2682,2579,2680
1394/2/30,2787,2690,2781
1394/3/2,2889,2700,2851
1394/3/3,2899,2709,2736
1394/3/4,2690,2600,2607
1394/3/5,2737,2530,2674
1394/3/6,2630,2541,2575
1394/3/9,2599,2447,2496
1394/3/10,2510,2402,2438
1394/3/11,2540,2400,2472
1394/3/12,2595,2543,2583
1394/3/16,2649,2461,2567
1394/3/17,2604,2469,2520
1394/3/18,2459,2394,2452
1394/3/19,2428,2330,2380
1394/3/20,2369,2261,2288
1394/3/23,2400,2320,2332
1394/3/24,2430,2216,2310
1394/3/25,2339,2235,2308
1394/3/26,2386,2240,2304
1394/3/27,2378,2300,2328
1394/3/30,2352,2212,2226
1394/3/31,2280,2155,2190
1394/4/1,2245,2172,2197
1394/4/2,2306,2185,2250
1394/4/3,2362,2241,2347
1394/4/6,2443,2281,2389
1394/4/7,2330,2270,2272
1394/4/8,2385,2205,2329
1394/4/9,2429,2333,2335
1394/4/10,2390,2300,2347
1394/4/13,2450,2301,2410
1394/4/14,2409,2301,2334
1394/4/15,2450,2225,2437
1394/4/16,2558,2490,2536
1394/4/20,2540,2410,2497
1394/4/21,2530,2410,2486
1394/4/22,2547,2406,2495
1394/4/23,2519,2371,2381
1394/5/4,2240,2158,2174
1394/5/5,2197,2158,2167
1394/5/6,2256,2161,2210
1394/5/7,2260,2162,2232
1394/5/10,2299,2180,2227
1394/5/11,2200,2169,2204
1394/5/12,2222,2150,2183
1394/5/13,2258,2168,2221
1394/5/14,2261,2169,2200
1394/5/17,2222,2179,2185
1394/5/18,2200,2160,2179
1394/5/19,2200,2158,2175
1394/5/21,2164,2151,2162
1394/5/24,2165,2121,2139
1394/5/25,2203,2116,2132
1394/5/26,2130,2060,2109
1394/5/27,2119,2004,2039
1394/5/28,2004,1939,1959
1394/5/31,1970,1930,1955
1394/6/1,1990,1940,1967
1394/6/2,1995,1880,1918
1394/6/3,1882,1823,1834
1394/6/4,1850,1743,1752
1394/6/7,1818,1790,1788
1394/6/8,1840,1790,1798
1394/6/9,1838,1785,1802
1394/6/10,1813,1801,1802
1394/6/11,1810,1795,1801
1394/6/14,1847,1795,1806
1394/6/15,1830,1800,1813
1394/6/16,1830,1779,1810
1394/6/17,1836,1731,1798
1394/6/18,1820,1760,1796
1394/6/21,1780,1751,1785
1394/6/22,1765,1709,1747
1394/6/23,1739,1660,1720
1394/6/24,1779,1641,1698
1394/6/25,1770,1715,1700
1394/6/28,1710,1692,1698
1394/6/29,1680,1671,1675
1394/6/30,1670,1600,1658
1394/6/31,1718,1604,1652
1394/7/1,1725,1615,1655
1394/7/4,1666,1627,1651
1394/7/5,1650,1619,1641
1394/7/6,1673,1630,1646
1394/7/7,1641,1600,1638
1394/7/8,1600,1562,1613
1394/7/11,1565,1534,1565
1394/7/12,1584,1487,1559
1394/7/13,1579,1550,1558
1394/7/14,1589,1550,1560
1394/7/15,1586,1535,1557
1394/7/18,1555,1521,1553
1394/7/19,1565,1480,1548
1394/7/20,1548,1531,1547
1394/7/21,1624,1520,1587
1394/7/22,1666,1666,1666
1394/7/25,1749,1713,1747
1394/7/26,1832,1672,1740
1394/7/27,1785,1686,1740
1394/7/28,1768,1735,1748
1394/7/29,1779,1700,1740
1394/8/3,1745,1653,1712
1394/8/12,1718,1627,1653
1394/8/13,1720,1655,1683
1394/8/16,1696,1620,1637
1394/8/17,1718,1612,1694
1394/8/18,1778,1718,1773
1394/8/19,1861,1800,1849
1394/8/20,1886,1757,1805
1394/8/23,1849,1715,1787
1394/8/24,1876,1784,1869
1394/8/25,1880,1785,1826
1394/8/26,1865,1760,1821
1394/8/27,1840,1757,1811
1394/8/30,1839,1781,1810
1394/9/1,1879,1800,1841
1394/9/2,1830,1772,1792
1394/9/3,1772,1750,1762
1394/9/4,1791,1710,1757
1394/9/7,1780,1674,1697
1394/9/8,1700,1629,1641
1394/9/9,1723,1621,1705
1394/9/10,1750,1660,1711
1394/9/14,1730,1626,1633
1394/9/15,1620,1601,1623
1394/9/16,1610,1580,1611
1394/9/17,1660,1595,1611
1394/9/18,1642,1614,1619
1394/9/22,1699,1638,1682
1394/9/23,1750,1671,1707
1394/9/24,1736,1666,1706
1394/9/25,1700,1651,1690
1394/9/28,1690,1606,1620
1394/9/29,1619,1539,1585
1394/9/30,1600,1506,1520
1394/10/1,1545,1460,1514
1394/10/2,1549,1520,1519
1394/10/5,1576,1488,1526
1394/10/6,1602,1561,1534
1394/10/7,1606,1557,1552
1394/10/9,1629,1600,1627
1394/10/12,1700,1641,1656
1394/10/13,1720,1578,1651
1394/10/14,1700,1640,1672
1394/10/15,1746,1672,1713
1394/10/16,1754,1662,1717
1394/10/19,1712,1640,1702
1394/10/20,1710,1650,1691
1394/10/21,1775,1673,1750
1394/10/22,1800,1690,1725
1394/10/23,1811,1700,1789
1394/10/26,1878,1831,1876
1394/10/27,1969,1900,1961
1394/10/28,2059,1926,2008
1394/10/29,2108,2050,2103
1394/10/30,2208,2070,2170
1394/11/5,2530,2290,2436
1394/11/6,2557,2530,2557
1394/11/7,2684,2450,2637
1394/11/10,2768,2570,2763
1394/11/11,2901,2690,2861
1394/11/12,2990,2718,2860
1394/11/13,2810,2717,2729
1394/11/14,2664,2593,2598
1394/11/17,2669,2469,2531
1394/11/18,2657,2610,2656
1394/11/19,2755,2524,2632
1394/11/20,2700,2501,2619
1394/11/21,2550,2489,2505
1394/11/24,2455,2380,2385
1394/11/25,2504,2275,2432
1394/11/26,2553,2553,2553
1394/11/27,2680,2500,2643
1394/11/28,2676,2550,2628
1394/12/2,2580,2386,2395
1394/12/3,2470,2276,2331
1394/12/4,2343,2215,2243
1394/12/5,2298,2220,2260
1394/12/8,2373,2300,2345
1394/12/9,2462,2375,2444
1394/12/10,2529,2330,2466
1394/12/11,2441,2343,2359
1394/12/12,2300,2250,2265
1394/12/15,2378,2314,2360
1394/12/16,2420,2290,2354
1394/12/17,2420,2300,2356
1394/12/18,2340,2240,2256
1394/12/19,2339,2179,2282
1394/12/22,2344,2230,2281
1394/12/24,2395,2339,2381
1394/12/25,2500,2416,2490
1394/12/26,2515,2366,2423
1395/1/7,2498,2430,2468
1395/1/8,2510,2352,2412
1395/1/9,2470,2400,2444
1395/1/10,2475,2328,2369
1395/1/11,2475,2310,2435
1395/1/14,2460,2366,2419
1395/1/15,2450,2321,2387
1395/1/16,2506,2470,2501
1395/1/17,2626,2610,2625
1395/1/18,2739,2494,2616
1395/1/21,2675,2500,2533
1395/1/22,2598,2510,2577
1395/1/23,2540,2449,2488
1395/1/24,2560,2413,2460
1395/1/25,2549,2337,2382
1395/1/28,2348,2263,2268
1395/1/29,2347,2178,2282
1395/1/30,2375,2300,2327
1395/1/31,2443,2230,2401
1395/2/1,2521,2443,2518
1395/2/4,2583,2410,2489
1395/2/5,2518,2420,2462
1395/2/6,2480,2400,2443
1395/2/7,2469,2371,2420
1395/2/8,2439,2321,2363
1395/2/11,2412,2360,2390
1395/2/12,2410,2347,2379
1395/2/13,2399,2324,2376
1395/2/14,2380,2300,2333
1395/2/15,2390,2251,2337
1395/2/18,2379,2312,2341
1395/2/19,2370,2281,2318
1395/2/20,2337,2270,2285
1395/2/21,2300,2241,2286
1395/2/22,2330,2220,2271
1395/2/25,2384,2339,2362
1395/2/26,2380,2272,2343
1395/2/27,2360,2277,2319
1395/2/28,2380,2265,2338
1395/2/29,2420,2321,2388
1395/3/1,2419,2323,2337
1395/3/3,2406,2321,2351
1395/3/4,2368,2255,2316
1395/3/5,2431,2320,2418
1395/3/8,2538,2439,2527
1395/3/9,2583,2401,2496
1395/3/10,2510,2414,2481
1395/3/11,2510,2385,2435
1395/3/12,2438,2346,2384
1395/3/16,2487,2336,2378
1395/3/17,2450,2355,2398
1395/3/18,2387,2300,2339
1395/3/19,2300,2255,2273
1395/3/22,2377,2260,2288
1395/3/23,2370,2253,2306
1395/3/24,2400,2322,2366
1395/3/25,2465,2290,2342
1395/3/26,2393,2300,2336
1395/3/29,2350,2300,2311
1395/3/30,2276,2255,2299
1395/3/31,2253,2186,2198
1395/4/1,2307,2165,2264
1395/4/2,2377,2290,2356
1395/4/5,2470,2321,2412
1395/4/6,2429,2300,2361
1395/4/8,2400,2312,2335
1395/4/9,2397,2263,2293
1395/4/12,2339,2265,2290
1395/4/13,2326,2254,2294
1395/4/14,2329,2201,2237
1395/4/15,2348,2261,2341
1395/4/19,2390,2250,2298
1395/4/20,2300,2240,2274
1395/4/21,2241,2223,2245
1395/4/22,2220,2133,2170
1395/4/29,2218,2150,2215
1395/4/30,2325,2220,2315
1395/5/2,2430,2350,2419
1395/5/3,2450,2340,2388
1395/5/4,2500,2426,2462
1395/5/5,2500,2427,2468
1395/5/6,2591,2488,2579
1395/5/10,2669,2521,2572
1395/5/11,2620,2521,2583
1395/5/12,2711,2531,2666
1395/5/16,2709,2522,2556
1395/5/17,2588,2501,2541
1395/5/18,2538,2450,2475
1395/5/19,2530,2456,2509
1395/5/20,2570,2455,2549
1395/5/23,2590,2500,2520
1395/5/24,2549,2480,2501
1395/5/25,2539,2461,2502
1395/5/26,2482,2432,2463
1395/5/27,2478,2433,2447
1395/5/30,2569,2407,2511
1395/5/31,2636,2510,2621
1395/6/1,2734,2611,2669
1395/6/2,2680,2540,2592
1395/6/3,2600,2560,2583
1395/6/6,2640,2531,2552
1395/6/7,2540,2489,2528
1395/6/8,2530,2468,2487
1395/6/9,2548,2476,2492
1395/6/10,2616,2485,2601
1395/6/13,2660,2511,2557
1395/6/14,2528,2454,2499
1395/6/15,2600,2454,2526
1395/6/16,2537,2450,2478
1395/6/17,2601,2501,2587
1395/6/20,2532,2500,2524
1395/6/21,2570,2456,2489
1395/6/23,2613,2500,2583
1395/6/24,2712,2712,2712
1395/6/27,2847,2840,2847
1395/6/28,2989,2930,2981
1395/6/29,3130,3021,3128
1395/6/31,3284,3222,3270
1395/7/3,3433,3371,3431
1395/7/4,3602,3537,3595
1395/7/5,3774,3773,3774
1395/7/6,3962,3962,3962
1395/7/7,4160,4021,4146
1395/7/10,4285,3939,3957
1395/7/11,3760,3760,3760
1395/7/12,3900,3572,3731
1395/7/13,3900,3763,3836
1395/7/14,4027,3900,4010
1395/7/17,4210,4180,4209
1395/7/18,4419,4419,4419
1395/7/19,4639,4250,4484
1395/7/24,4301,4260,4275
1395/7/25,4202,4062,4090
1395/7/26,4294,4150,4274
1395/7/27,4345,4067,4109
1395/7/28,4250,3915,4085
1395/8/3,4100,3820,3901
1395/8/4,4096,3982,4055
1395/8/5,4257,4050,4240
1395/8/8,4399,4030,4155
1395/8/9,4159,3948,4023
1395/8/10,4145,4000,4073
1395/8/11,4130,3870,3913
1395/8/12,3991,3751,3824
1395/8/15,3900,3750,3787
1395/8/16,3939,3798,3858
1395/8/17,4050,3850,4016
1395/8/18,4120,3900,3992
1395/8/19,4187,3840,4086
1395/8/22,4250,4003,4180
1395/8/23,4270,3971,4061
1395/8/24,4068,3901,4019
1395/8/25,3980,3860,3891
1395/8/26,4000,3867,3898
1395/8/29,3969,3880,3902
1395/9/1,3999,3800,3885
1395/9/2,3889,3741,3774
1395/9/3,3900,3771,3803
1395/9/6,3877,3762,3803
1395/9/7,3993,3740,3981
1395/9/9,4180,3950,4112
1395/9/13,4120,3907,3949
1395/9/14,4120,3787,3906
1395/9/15,3998,3750,3786
1395/9/16,3900,3771,3810
1395/9/17,3897,3735,3774
1395/9/20,3962,3811,3941
1395/9/21,4138,3992,4096
1395/9/22,4260,4000,4176
1395/9/23,4170,3968,3984
1395/9/24,3893,3785,3788
1395/9/28,3811,3671,3743
1395/9/29,3799,3612,3685
1395/9/30,3738,3512,3643
1395/10/1,3825,3748,3820
1395/10/4,3925,3770,3843
1395/10/5,3888,3701,3754
1395/10/6,3824,3661,3755
1395/10/7,3800,3638,3669
1395/10/8,3757,3610,3649
1395/10/11,3699,3467,3515
1395/10/12,3500,3340,3370
1395/10/13,3500,3271,3365
1395/10/14,3360,3209,3294
1395/10/15,3250,3130,3158
1395/10/18,3209,3001,3020
1395/10/19,3000,2900,2936
1395/10/20,3082,2900,3063
1395/10/22,3216,3216,3216
1395/10/25,3376,3126,3309
1395/10/26,3250,3144,3154
1395/10/27,3210,3050,3091
1395/10/28,3184,3040,3112
1395/10/29,3177,3020,3076
1395/11/2,3211,3110,3169
1395/11/3,3320,3011,3153
1395/11/4,3249,3061,3164
1395/11/5,3200,3044,3081
1395/11/6,3170,3080,3096
1395/11/9,3149,2942,3023
1395/11/10,3174,3000,3148
1395/11/11,3290,3120,3186
1395/11/12,3232,3031,3065
1395/11/13,3030,2986,3009
1395/11/16,3000,2901,2934
1395/11/17,2910,2788,2814
1395/11/18,2954,2879,2936
1395/11/19,3030,2908,2961
1395/11/20,2900,2832,2864
1395/11/23,2922,2800,2852
1395/11/24,2850,2711,2765
1395/11/25,2820,2760,2775
1395/11/26,2900,2775,2856
1395/11/27,2960,2800,2838
1395/11/30,2979,2884,2976
1395/12/11,3064,2911,2990
1395/12/14,2962,2841,2842
1395/12/15,2841,2700,2718
1395/12/16,2762,2601,2701
1395/12/17,2777,2705,2738
1395/12/18,2787,2660,2702
1395/12/21,2710,2600,2661
1395/12/22,2750,2607,2664
1395/12/23,2750,2601,2680
1395/12/24,2744,2666,2691
1395/12/25,2697,2611,2658
1395/12/28,2685,2605,2639
1396/1/5,2699,2611,2662
1396/1/6,2790,2611,2773
1396/1/7,2788,2700,2734
1396/1/8,2870,2661,2815
1396/1/9,2955,2870,2948
1396/1/14,3030,2900,2967
1396/1/15,3070,2842,2981
1396/1/16,3130,2900,3121
1396/1/19,3277,3176,3245
1396/1/20,3407,3270,3360
1396/1/21,3528,3402,3494
1396/1/23,3668,3481,3652
1396/1/26,3834,3652,3777
1396/1/27,3750,3589,3627
1396/1/28,3650,3446,3493
1396/1/29,3546,3400,3471
1396/1/30,3644,3500,3634
1396/2/2,3815,3662,3791
1396/2/3,3950,3602,3712
1396/2/4,3677,3545,3572
1396/2/6,3750,3546,3702
1396/2/9,3702,3517,3555
1396/2/10,3610,3402,3501
1396/2/11,3590,3422,3441
1396/2/12,3613,3403,3556
1396/2/13,3733,3655,3731
1396/2/16,3917,3732,3894
1396/2/17,3994,3700,3730
1396/2/18,3677,3544,3576
1396/2/19,3500,3398,3406
1396/2/20,3566,3330,3458
1396/2/23,3560,3400,3449
1396/2/24,3494,3277,3315
1396/2/25,3374,3159,3228
1396/2/26,3350,3228,3325
1396/2/27,3345,3166,3214
1396/2/30,3350,3220,3275
1396/2/31,3396,3221,3274
1396/3/1,3372,3290,3293
1396/3/2,3373,3231,3303
1396/3/3,3337,3225,3256
1396/3/6,3345,3200,3263
1396/3/7,3231,3156,3169
1396/3/8,3229,3150,3168
1396/3/9,3234,3140,3189
1396/3/10,3320,3151,3278
1396/3/13,3320,3239,3268
1396/3/16,3288,3140,3174
1396/3/17,3269,3016,3057
1396/3/20,3209,3060,3177
1396/3/21,3270,3030,3111
1396/3/22,3143,2959,3001
1396/3/23,3100,2972,3046
1396/3/24,3119,3020,3080
1396/3/27,3234,3110,3205
1396/3/28,3210,3045,3090
1396/3/29,3090,3002,3041
1396/3/30,3165,3025,3105
1396/3/31,3117,3020,3077
1396/4/3,3156,3007,3017
1396/4/4,3167,2983,3144
1396/4/7,3269,3072,3245
1396/4/10,3400,3280,3349
1396/4/11,3379,3182,3210
1396/4/12,3221,3100,3173
1396/4/13,3160,3095,3150
1396/4/14,3270,3162,3217
1396/4/17,3263,3057,3110
1396/4/18,3150,3050,3071
1396/4/19,3146,3005,3061
1396/4/20,3070,3022,3044
1396/4/28,3164,3100,3156
1396/4/31,3216,3100,3149
1396/5/1,3306,3200,3294
1396/5/2,3400,3300,3353
1396/5/3,3310,3186,3214
1396/5/4,3250,3152,3198
1396/5/7,3200,3070,3168
1396/5/8,3297,3067,3220
1396/5/9,3289,3172,3201
1396/5/10,3229,3120,3146
1396/5/11,3288,3140,3209
1396/5/15,3265,3190,3237
1396/5/16,3200,3141,3165
1396/5/17,3140,3093,3113
1396/5/18,3140,3081,3100
1396/5/21,3103,2967,3035
1396/5/22,3150,2962,2996
1396/5/23,3020,2901,2924
1396/5/24,2999,2870,2901
1396/5/25,3000,2802,2883
1396/5/28,2860,2805,2822
1396/5/29,2904,2800,2839
1396/5/30,2956,2812,2904
1396/5/31,2949,2865,2913
1396/6/1,2880,2850,2887
1396/6/4,3031,2860,2980
1396/6/5,3090,2963,3005
1396/6/6,3050,2863,2959
1396/6/7,3003,2850,2879
1396/6/8,2930,2800,2868
1396/6/11,2915,2822,2853
1396/6/12,2948,2820,2905
1396/6/13,2944,2831,2900
1396/6/14,2943,2834,2931
1396/6/15,2997,2850,2950
1396/6/19,2935,2810,2839
1396/6/20,2834,2721,2771
1396/6/21,2800,2715,2735
1396/6/22,2810,2725,2772
1396/6/25,2828,2713,2765
1396/6/26,2848,2725,2791
1396/6/27,2871,2801,2826
1396/6/28,2898,2806,2834
1396/6/29,2858,2773,2821
1396/7/1,2800,2700,2747
1396/7/2,2830,2712,2746
1396/7/3,2860,2731,2793
1396/7/4,2832,2776,2798
1396/7/5,2800,2750,2765
1396/7/10,2879,2710,2809
1396/7/11,2890,2830,2863
1396/7/12,2840,2750,2785
1396/7/15,2827,2646,2673
1396/7/16,2650,2540,2542
1396/7/17,2540,2430,2471
1396/7/18,2540,2471,2516
1396/7/19,2589,2400,2458
1396/7/22,2553,2461,2516
1396/7/23,2596,2520,2538
1396/7/24,2664,2540,2645
1396/7/25,2770,2551,2642
1396/7/26,2684,2540,2615
1396/7/29,2570,2485,2503
1396/7/30,2573,2430,2465
1396/8/1,2500,2342,2373
1396/8/2,2475,2430,2462
1396/8/3,2530,2360,2397
1396/8/6,2516,2470,2506
1396/8/7,2495,2400,2439
1396/8/8,2480,2354,2424
1396/8/9,2426,2375,2405
1396/8/10,2479,2364,2392
1396/8/13,2511,2449,2505
1396/8/14,2530,2422,2459
1396/8/15,2450,2401,2430
1396/8/16,2500,2340,2362
1396/8/17,2455,2397,2413
1396/8/20,2533,2400,2490
1396/8/21,2600,2441,2565
1396/8/22,2693,2572,2672
1396/8/23,2729,2554,2637
1396/8/24,2700,2550,2633
1396/8/27,2690,2575,2637
1396/8/29,2629,2506,2565
1396/8/30,2693,2614,2676
1396/9/1,2700,2620,2636
1396/9/4,2659,2560,2576
1396/9/5,2590,2524,2546
1396/9/7,2590,2480,2492
1396/9/8,2500,2430,2454
1396/9/11,2500,2420,2447
1396/9/12,2499,2403,2434
1396/9/13,2480,2406,2426
1396/9/14,2487,2418,2426
1396/9/18,2459,2410,2419
1396/9/19,2470,2411,2435
1396/9/20,2478,2412,2434
1396/9/21,2460,2402,2409
1396/9/22,2430,2350,2390
1396/9/25,2450,2353,2406
1396/9/26,2500,2410,2447
1396/9/27,2569,2468,2526
1396/9/28,2599,2470,2532
1396/9/29,2630,2540,2576
1396/10/2,2600,2500,2522
1396/10/3,2590,2499,2540
1396/10/4,2589,2510,2561
1396/10/5,2537,2470,2512
1396/10/6,2500,2423,2453
1396/10/9,2418,2331,2346
1396/10/10,2370,2229,2252
1396/10/11,2280,2140,2212
1396/10/12,2296,2110,2139
1396/10/13,2150,2041,2070
1396/10/16,2173,2130,2099
1396/10/17,2203,2106,2199
1396/10/18,2300,2224,2276
1396/10/19,2269,2163,2212
1396/10/20,2198,2126,2190
1396/10/23,2237,2125,2189
1396/10/24,2259,2181,2207
1396/10/25,2269,2201,2214
1396/10/26,2190,2128,2161
1396/10/27,2185,2116,2147
1396/10/30,2200,2130,2147
1396/11/1,2218,2138,2182
1396/11/2,2230,2155,2185
1396/11/3,2280,2149,2219
1396/11/4,2327,2240,2296
1396/11/7,2386,2300,2345
1396/11/8,2375,2260,2292
1396/11/9,2358,2232,2290
1396/11/10,2404,2290,2398
1396/11/11,2510,2377,2436
1396/11/14,2445,2365,2409
1396/11/15,2485,2380,2437
1396/11/16,2529,2399,2442
1396/11/17,2460,2404,2424
1396/11/18,2497,2390,2418
1396/11/21,2435,2349,2396
1396/11/23,2399,2277,2322
1396/11/24,2302,2247,2257
1396/11/25,2350,2206,2255
1396/11/28,2358,2300,2311
1396/11/29,2420,2280,2340
1396/11/30,2449,2323,2367
1396/12/2,2444,2249,2308
1396/12/5,2390,2285,2321
1396/12/6,2339,2254,2312
1396/12/7,2360,2230,2271
1396/12/8,2318,2226,2261
1396/12/9,2280,2225,2243
1396/12/12,2248,2180,2214
1396/12/13,2290,2190,2248
1396/12/14,2290,2200,2243
1396/12/15,2254,2200,2232
1396/12/16,2290,2181,2236
1396/12/19,2210,2190,2225
1396/12/20,2249,2170,2174
1396/12/21,2239,2122,2165
1396/12/22,2238,2100,2148
1396/12/23,2219,2120,2145
1396/12/26,2189,2111,2141
1396/12/27,2230,2150,2183
1396/12/28,2240,2150,2183
1397/1/5,2190,2132,2181
1397/1/6,2173,2160,2167
1397/1/7,2248,2160,2170
1397/1/8,2236,2128,2142
1397/1/14,2164,2132,2143
1397/1/15,2221,2127,2149
1397/1/18,2180,2108,2130
1397/1/19,2125,2056,2102
1397/1/20,2098,2005,2019
1397/1/21,2119,2000,2091
1397/1/22,2189,2002,2106
1397/1/26,2060,2002,2070
1397/1/27,2050,1971,2062
1397/1/28,2043,1959,1977
1397/1/29,1930,1879,1889
1397/2/1,1932,1878,1893
1397/2/2,1977,1894,1937
1397/2/3,1950,1882,1900
1397/2/4,1990,1912,1943
1397/2/5,2040,1950,2020
1397/2/8,2121,2050,2107
1397/2/9,2089,2002,2006
1397/2/10,2038,1906,1967
1397/2/11,1977,1890,1963
1397/2/15,1940,1899,1926
1397/2/16,1893,1830,1857
1397/2/17,1860,1775,1824
1397/2/18,1912,1830,1864
1397/2/19,1860,1780,1803
1397/2/22,1849,1792,1813
1397/2/23,1903,1860,1896
1397/2/24,1990,1890,1981
1397/2/25,2049,1941,1964
1397/2/26,1928,1885,1916
1397/2/29,1998,1920,1957
1397/2/30,1992,1920,1944
1397/2/31,2041,1950,2027
1397/3/1,2128,2089,2114
1397/3/2,2200,2057,2136
1397/3/5,2150,2060,2094
1397/3/6,2115,2051,2083
1397/3/7,2075,2000,2052
1397/3/8,2040,1989,2006
1397/3/9,2000,1910,1930
1397/3/12,1950,1899,1922
,,,1921.6394
,,,1920.8124
,,,1920.6064
,,,1920.7612
,,,1920.9646
,,,1920.9581
,,,1920.9662
,,,1920.9753
,,,1920.9728
,,,1920.9686
,,,1920.9668
,,,1920.9667
,,,1920.9668
,,,1920.9669
,,,1920.9669
,,,1920.9669
,,,1920.9669
,,,1920.9669
,,,1920.9669
,,,1920.9669
,,,1920.9708
,,,1920.9708
,,,1920.9708
,,,1920.9708
,,,1920.9708
,,,1920.9708
,,,1920.9708
,,,1920.9747
,,,1920.9747
,,,1920.9747
,,,1920.9747
,,,1920.9747